incidence_bin,velocity_share_txdiag_per_year,velocity_share_vector_per_year,velocity_share_systems_per_year
50–100,0.008865039649731343,-0.08557579039904581,0.012938076938751472
100+,-0.005934811896716269,0.0026296801495265323,0.007108326739074161
